[{"model": "admin.logentry", "pk": 1, "fields": {"action_time": "2026-03-15T11:30:08.051Z", "user": 7, "content_type": 7, "object_id": "6", "object_repr": "Hasmukh K -> St. Andrews Engineering College (Nursing)", "action_flag": 1, "change_message": "[{\"added\": {}}]"}}, {"model": "admin.logentry", "pk": 2, "fields": {"action_time": "2026-03-15T11:30:40.517Z", "user": 7, "content_type": 7, "object_id": "6", "object_repr": "Hasmukh K -> St. Andrews Engineering College (Nursing)", "action_flag": 3, "change_message": ""}}, {"model": "admin.logentry", "pk": 3, "fields": {"action_time": "2026-03-15T11:34:30.245Z", "user": 7, "content_type": 7, "object_id": "7", "object_repr": "Hasmukh K -> St. Andrews Engineering College (MBBS)", "action_flag": 1, "change_message": "[{\"added\": {}}]"}}, {"model": "admin.logentry", "pk": 4, "fields": {"action_time": "2026-03-15T11:41:44.128Z", "user": 7, "content_type": 7, "object_id": "7", "object_repr": "Hasmukh K -> St. Andrews Engineering College (MBBS)", "action_flag": 3, "change_message": ""}}, {"model": "admin.logentry", "pk": 5, "fields": {"action_time": "2026-03-15T11:42:09.210Z", "user": 7, "content_type": 7, "object_id": "8", "object_repr": "Hasmukh -> St. Andrews Engineering College (Civil Engineering)", "action_flag": 1, "change_message": "[{\"added\": {}}]"}}, {"model": "admin.logentry", "pk": 6, "fields": {"action_time": "2026-04-01T19:12:30.550Z", "user": 9, "content_type": 12, "object_id": "1", "object_repr": "Finance Manager: CRE_19", "action_flag": 1, "change_message": "[{\"added\": {}}]"}}, {"model": "admin.logentry", "pk": 7, "fields": {"action_time": "2026-04-09T08:57:03.413Z", "user": 9, "content_type": 12, "object_id": "2", "object_repr": "Finance Manager: CRE_20", "action_flag": 1, "change_message": "[{\"added\": {}}]"}}, {"model": "auth.user", "pk": 1, "fields": {"password": "pbkdf2_sha256$600000$ggRTNSuhtKwSof8ZOmsgQf$U2EvVMYgK4FtVowK441GkuQAy2AotFVG0kY5kyJu+D0=", "last_login": "2026-03-24T10:13:38.598Z", "is_superuser": true, "username": "admin", "first_name": "", "last_name": "", "email": "admin@example.com", "is_staff": true, "is_active": true, "date_joined": "2026-03-09T14:31:17.765Z", "groups": [], "user_permissions": []}}, {"model": "auth.user", "pk": 2, "fields": {"password": "pbkdf2_sha256$1200000$dig83bMt6cFpGvFSKlm5fh$mHHATxWj63hKFB278aAlwpN4wdI0Z8ths8prVmmWJbc=", "last_login": "2026-03-10T17:35:16.991Z", "is_superuser": false, "username": "shafeeq", "first_name": "", "last_name": "", "email": "smohammedshafeeqhameed@gmail.com", "is_staff": false, "is_active": true, "date_joined": "2026-03-09T14:34:28.490Z", "groups": [], "user_permissions": []}}, {"model": "auth.user", "pk": 3, "fields": {"password": "pbkdf2_sha256$1200000$Hkxe6vpzc4uxqjiUNliJPy$4qOR5eXDqXQDyBcs874amTVv3ok+vo3ACsxh4RrlMw8=", "last_login": "2026-03-09T14:43:14.721Z", "is_superuser": false, "username": "shafeeq@12", "first_name": "", "last_name": "", "email": "smohammedshafeeqhameed@gmail.com", "is_staff": false, "is_active": true, "date_joined": "2026-03-09T14:43:12.863Z", "groups": [], "user_permissions": []}}, {"model": "auth.user", "pk": 4, "fields": {"password": "pbkdf2_sha256$1200000$9OYTEDOvoEWI4TeoexkZmC$ZSI2r2FE0oF6/kGvQ5lx653UJMtbDWLwOvQwPk9M6RI=", "last_login": "2026-03-10T17:10:48.227Z", "is_superuser": false, "username": "CRE_101", "first_name": "", "last_name": "", "email": "cre_101@gmail.com", "is_staff": false, "is_active": true, "date_joined": "2026-03-10T17:10:42.351Z", "groups": [], "user_permissions": []}}, {"model": "auth.user", "pk": 5, "fields": {"password": "pbkdf2_sha256$1200000$2WdZj4wai18cek6bjQgmHW$KTgmORMJfXvHmrXkdwij8LUpR9BbIi89SHw+f1FG1Io=", "last_login": "2026-03-15T12:24:18.454Z", "is_superuser": false, "username": "cre_102", "first_name": "", "last_name": "", "email": "cre_102@gmail.com", "is_staff": false, "is_active": true, "date_joined": "2026-03-10T17:42:54.281Z", "groups": [], "user_permissions": []}}, {"model": "auth.user", "pk": 6, "fields": {"password": "pbkdf2_sha256$1200000$Tti0jpeG36Qwj2ko4mLNzs$aCInkOuBu1bjhqITwiAhmuxEkOgo/4Li+IcogPF33Vc=", "last_login": "2026-03-15T11:00:51.735Z", "is_superuser": false, "username": "cre_103", "first_name": "", "last_name": "", "email": "cre_103@gmail.com", "is_staff": false, "is_active": true, "date_joined": "2026-03-15T10:53:15.556Z", "groups": [], "user_permissions": []}}, {"model": "auth.user", "pk": 7, "fields": {"password": "pbkdf2_sha256$1200000$wvgjwdfUtTW0JmdmdfHKe4$qyULDdkUjl6fBFnYQ+RTcGw+IdVyQl+CTzwtU9FIb60=", "last_login": "2026-03-17T09:22:45.398Z", "is_superuser": true, "username": "admin1", "first_name": "", "last_name": "", "email": "", "is_staff": true, "is_active": true, "date_joined": "2026-03-15T11:09:49.458Z", "groups": [], "user_permissions": []}}, {"model": "auth.user", "pk": 8, "fields": {"password": "pbkdf2_sha256$600000$jaI9sjzs286dfXME9WUwBA$SzGXASnakX/OhDRMzXUP13uZatPzwHXs1k3NzKrC5YA=", "last_login": "2026-03-21T06:42:32.089Z", "is_superuser": false, "username": "CRE_17", "first_name": "", "last_name": "", "email": "CRE_17@gmail.com", "is_staff": false, "is_active": true, "date_joined": "2026-03-19T20:00:30.301Z", "groups": [], "user_permissions": []}}, {"model": "auth.user", "pk": 9, "fields": {"password": "pbkdf2_sha256$600000$Qen8L4i62yQKmZzAmY9zXO$KnEwwsZPxPI/XufP4+I9wfwkk0TXvctXuuUExJBBqug=", "last_login": "2026-04-09T08:58:17.138Z", "is_superuser": true, "username": "superadmin", "first_name": "", "last_name": "", "email": "", "is_staff": true, "is_active": true, "date_joined": "2026-03-19T20:02:26.539Z", "groups": [], "user_permissions": []}}, {"model": "auth.user", "pk": 10, "fields": {"password": "pbkdf2_sha256$600000$1Gg5cVCgGsrkrXlY2qgI3p$ab83tAPVuVH2p70aIB+SSg8AgyJw+mPCBXYDl0db8x4=", "last_login": "2026-04-09T08:53:55.007Z", "is_superuser": false, "username": "CRE_19", "first_name": "", "last_name": "", "email": "CRE_19@gmail.com", "is_staff": false, "is_active": true, "date_joined": "2026-03-20T10:22:05.750Z", "groups": [], "user_permissions": []}}, {"model": "auth.user", "pk": 11, "fields": {"password": "pbkdf2_sha256$600000$UBZHgaZPtLNXSP1UX9FaWr$3/E8xDVc5Iup4gMFU0Fdo21C9DCVFVuHZOfJeb4ahPA=", "last_login": "2026-04-09T08:57:11.769Z", "is_superuser": false, "username": "CRE_20", "first_name": "", "last_name": "", "email": "cre_20@gmail.com", "is_staff": false, "is_active": true, "date_joined": "2026-03-20T10:26:06.480Z", "groups": [], "user_permissions": []}}, {"model": "sessions.session", "pk": "647wccmnu4s99u4qhkcpdk80oowbug64", "fields": {"session_data": ".eJxVjEEOgjAUBe_StWk-1AJl6d4zNL_tQ6qmJRQSjfHuSsKG7ZuZ9xG2oJSYk8VrivNb9HQSltdltGvBbGMQvahIHEbH_oG0kXDndMvS57TM0clNkTst8poDnpfdPRyMXMZ_zb7V1DrVEEOTH1h1VGkKhgfPIFDVwXiqa4MzyCgAnQpoPGtyHEh8f0XBQA4:1w3X6a:1GCkhdYDECrNGMxssxRoBegGXEOddp1OQkghwsgdgHM", "expire_date": "2026-04-03T10:29:24.821Z"}}, {"model": "sessions.session", "pk": "7k365gcyhpga1rnlz0pyx8pyzmat6wjx", "fields": {"session_data": ".eJxVjDsOwjAQBe_iGllmHf8o6XOGyLte4wCypTipEHeHSCmgfTPzXmKK21qmrfMyzUlcBIjT74aRHlx3kO6x3pqkVtdlRrkr8qBdji3x83q4fwcl9vKtnXcpZ-BEFL0FBD0oOHtLFLQijRkIrcKQDfCA0TsioxySBsuMwYj3B_ucOI4:1w00YV:BSAtVAoi7tArWgdBoQ3Dubf_wVKnnZH_HeRjoA5v648", "expire_date": "2026-03-24T17:07:39.820Z"}}, {"model": "sessions.session", "pk": "99cf3yglb550e98shlw6ual4imaa1sh4", "fields": {"session_data": ".eJxVjMEOgyAQRP-Fc0NwFQGPvfcbyK6LlbYBI5q0afrv1cSLmdu8N_MVvoRSYk4-vKc4f0SnLsLjuox-LWH2kUUnnDh1hP0zpB3wA9M9yz6nZY4kd0UetMhb5vC6Hu7pYMQybusKLDWaWyCl28FAY2wDVVCIjm2tkGqsAirTWrLOgObaklNbQFuGgcXvD-gEPig:1w4xcW:8oh7vh_37cNHI8bBCWcriM7yqQJIMIIGTmcqdqmiOf8", "expire_date": "2026-04-07T09:00:16.650Z"}}, {"model": "sessions.session", "pk": "ejhlubl82t2bdmazdeak2cejika31e4l", "fields": {"session_data": ".eJxVjEEOwiAQRe_C2jRUGCbt0r1nIAMzWNSAKW2iMd5dTbrp9r_3_lv5Jq3lWrw8H3l-qVEflKd1mfzaZPaZ1ahQ7bZA8SblD_hK5VK7WMsy59D9lW6jrTtXlvtpc3cHE7XpVycwAOIwDawxJAAjmIwlNghagNASRof2GKV3BBjZ2cg9AnAaXNDq8wUOtj8r:1w1kXB:xD0IqHrjYIsfuo-qi5yHWgtoYDJ5aTMwlCLyHc5PtFE", "expire_date": "2026-03-29T12:25:29.729Z"}}, {"model": "sessions.session", "pk": "eooiryt6q1p7h314h2w6g7lssvc107vn", "fields": {"session_data": ".eJxVjMEOwiAQRP9lz4YgsG3x6N1vICwsFjVgSptojP-uTXrpZQ7z3swHXOPWci2OX888veEkD-D8Mo9uaTy5HOEECLuOfLhzWUG8-XKtItQyT5nEqoiNNnGpkR_nzd0djL6N_3WnrEQ0WpGhaI32KMkay2mQ_RodWYx9b5PWYdCDYgyq08lQQlTmiPD9AeVJPg4:1w02Fe:i1lEuQbUkmDcLBPJ3bqNt4lZKZR4IeYNHISGyNEWD4A", "expire_date": "2026-03-24T18:56:18.126Z"}}, {"model": "sessions.session", "pk": "m2wxzsnu9zgqgqg3t29ebwrcydm81vyd", "fields": {"session_data": ".eJxVjMEOgyAQRP-Fc0NwFQGPvfcbyK6LlbYBI5q0afrv1cSLmdu8N_MVvoRSYk4-vKc4f0SnLsLjuox-LWH2kUUnnDh1hP0zpB3wA9M9yz6nZY4kd0UetMhb5vC6Hu7pYMQybusKLDWaWyCl28FAY2wDVVCIjm2tkGqsAirTWrLOgObaklNbQFuGgcXvD-gEPig:1w63U9:u6cLpqcPG5APngPvFzVjnf6LDAW9V7z4s25sZXrROXU", "expire_date": "2026-04-10T09:28:09.015Z"}}, {"model": "sessions.session", "pk": "py1vafqpj6lojv1z1qpuwbrbvpqvv506", "fields": {"session_data": ".eJxVjM0OwiAQhN-FsyHLTwvr0bvPQBYWpWogKe3J-O62SQ96nPm-mbcItC4lrD3PYWJxFlacfrtI6ZnrDvhB9d5kanWZpyh3RR60y2vj_Loc7t9BoV629aAGb1w2WmFUtwxICJYdjcAE3hpnHVpk9HpLmBBBawU0UiTrVSLx-QKswjaG:1w00bZ:v8Fakz4Yy64gT0uBTB3J0s5R3LgkCn2QuUWNyW74q4U", "expire_date": "2026-03-24T17:10:49.806Z"}}, {"model": "sessions.session", "pk": "za7aps5xo1s2fqv6wiw1w4om59dk31cn", "fields": {"session_data": ".eJxVjEEOgjAUBe_StWk-1AJl6d4zNL_tQ6qmJRQSjfHuSsKG7ZuZ9xG2oJSYk8VrivNb9HQSltdltGvBbGMQvahIHEbH_oG0kXDndMvS57TM0clNkTst8poDnpfdPRyMXMZ_zb7V1DrVEEOTH1h1VGkKhgfPIFDVwXiqa4MzyCgAnQpoPGtyHEh8f0XBQA4:1w8KXW:uqmDvjt1BhmsQ_MwUa36wtNR0oa5i_sQEMg3Yxs7e_Q", "expire_date": "2026-04-16T16:05:02.489Z"}}, {"model": "admission_system.college", "pk": 1, "fields": {"name": "St. Andrews Engineering College", "slug": "st-andrews", "description": "A premier institute for engineering and technology.", "website_content": "<h3>Why choose us?</h3><ul><li>State-of-the-art labs</li><li>Industry placements</li><li>Modern campus</li></ul>", "theme_color": "#6366f1", "logo_url": null, "created_at": "2026-03-09T14:35:54.868Z"}}, {"model": "admission_system.college", "pk": 2, "fields": {"name": "Global Medical Institute", "slug": "global-medical", "description": "Excellence in medical education and research.", "website_content": "<h3>Our Facilities</h3><p>Affiliated with top hospitals. Focus on practical clinical experience.</p>", "theme_color": "#6366f1", "logo_url": null, "created_at": "2026-03-09T14:35:54.938Z"}}, {"model": "admission_system.college", "pk": 3, "fields": {"name": "Horizon Business School", "slug": "horizon-business", "description": "Leading the way in management and entrepreneurship.", "website_content": "<h3>Programs</h3><p>Global exposure and case-study based learning approach.</p>", "theme_color": "#6366f1", "logo_url": null, "created_at": "2026-03-09T14:35:55.046Z"}}, {"model": "admission_system.college", "pk": 4, "fields": {"name": "Yeldo Mar Baselios College", "slug": "ymbc", "description": "A premier institution for higher education.", "website_content": "<p>Yeldo Mar Baselios College is committed to providing quality education and fostering an environment of academic excellence and innovation.</p>", "theme_color": "#003366", "logo_url": "/static/admission_system/images/logos/logo_ymbc_white.png", "created_at": "2026-03-19T20:14:59.248Z"}}, {"model": "admission_system.college", "pk": 5, "fields": {"name": "Elijah Institute of Management Studies (ELIMS)", "slug": "elims", "description": "A premier management institute with over 44 years of legacy, dedicated to developing ethical and innovative managers.", "website_content": "<p>ELIMS has been a leader in management education for over four decades. We focus on practical business excellence and industry-aligned specializations.</p>", "theme_color": "#003366", "logo_url": "/static/admission_system/images/logos/logo_elims_white.png", "created_at": "2026-03-24T09:45:29.305Z"}}, {"model": "admission_system.college", "pk": 6, "fields": {"name": "Al Shifa College of Arts and Science", "slug": "alshifa", "description": "A premier institution of higher learning in Malapuram, affiliated with the University of Calicut, dedicated to academic excellence and student success through (Hons.) programmes.", "website_content": "<p>Al Shifa College of Arts & Science (ACAS) is a prominent institution providing value-based education. With modern facilities and a dedicated faculty, ACAS offers specialized Honours programmes designed to equip students for global challenges.</p>", "theme_color": "#4B367C", "logo_url": "https://www.alshifacollegeofartsandscience.ac.in/assets/images/logo.png", "created_at": "2026-03-27T09:31:47.751Z"}}, {"model": "admission_system.college", "pk": 7, "fields": {"name": "Al Azhar Group of Institutions, Thodupuzha", "slug": "alazhar", "description": "A massive educational ecosystem in Thodupuzha, Kerala, offering a wide array of professional and academic programmes across 12 institutions including Engineering, Arts & Science, Medical, and Dental sciences.", "website_content": "<p>Al-Azhar Group of Institutions is a premier educational hub established under the Noorul Islam Trust. With state-of-the-art infrastructure and a focus on holistic development, Al-Azhar provides a platform for students to excel in various disciplines from Medicine to Engineering.</p>", "theme_color": "#006400", "logo_url": "/static/admission_system/images/logos/logo_alazhar.png", "created_at": "2026-03-27T09:31:48.268Z"}}, {"model": "admission_system.college", "pk": 8, "fields": {"name": "Nirmala College, Muvattupuzha", "slug": "nirmala", "description": "Nirmala College, Muvattupuzha, is a prestigious co-educational institution affiliated to Mahatma Gandhi University, Kottayam. Established in 1965 and managed by the Diocese of Kothamangalam, the college offers a wide range of undergraduate, postgraduate, and doctoral programmes across arts, science, commerce, and management disciplines.", "website_content": "<p>Nirmala College, Muvattupuzha, stands as a centre of academic excellence in Kerala, offering holistic education rooted in Catholic values. As an autonomous college affiliated to Mahatma Gandhi University, the institution fosters critical thinking, research, and community development.</p>", "theme_color": "#253E7D", "logo_url": null, "created_at": "2026-03-27T09:31:48.846Z"}}, {"model": "admission_system.college", "pk": 9, "fields": {"name": "Jai Bharath College of Management and Engineering Technology", "slug": "jbcmet", "description": "Jai Bharath College of Management and Engineering Technology (JBCMET), located in Vengola, Perumbavoor, Ernakulam, Kerala, is a premier technical institution established in 2009. Affiliated to APJ Abdul Kalam Technological University (KTU) and approved by AICTE, the college offers a rich portfolio of engineering, management, and technology programmes.", "website_content": "", "theme_color": "#1A237E", "logo_url": "/static/admission_system/images/logos/logo_jbcmet.png", "created_at": "2026-03-27T09:31:49.423Z"}}, {"model": "admission_system.college", "pk": 10, "fields": {"name": "MES T.O. Abdulla Memorial College, Kunnukara", "slug": "mes-kunnukara", "description": "MES T.O. Abdulla Memorial College, Kunnukara, is a premier self-financing institution established in 2004 under the Muslim Education Society (MES). Affiliated to Mahatma Gandhi University, Kottayam, the college offers a diverse range of undergraduate and postgraduate programmes across Commerce, Management, Computer Applications, Psychology, and English.", "website_content": "", "theme_color": "#1B5E20", "logo_url": "/static/admission_system/images/logos/logo_mes.png", "created_at": "2026-03-27T09:31:49.997Z"}}, {"model": "admission_system.course", "pk": 1, "fields": {"college": 1, "name": "Computer Science", "description": "Comprehensive course in Computer Science"}}, {"model": "admission_system.course", "pk": 2, "fields": {"college": 1, "name": "Mechanical Engineering", "description": "Comprehensive course in Mechanical Engineering"}}, {"model": "admission_system.course", "pk": 3, "fields": {"college": 1, "name": "Civil Engineering", "description": "Comprehensive course in Civil Engineering"}}, {"model": "admission_system.course", "pk": 4, "fields": {"college": 2, "name": "MBBS", "description": "Comprehensive course in MBBS"}}, {"model": "admission_system.course", "pk": 5, "fields": {"college": 2, "name": "BDS", "description": "Comprehensive course in BDS"}}, {"model": "admission_system.course", "pk": 6, "fields": {"college": 2, "name": "Nursing", "description": "Comprehensive course in Nursing"}}, {"model": "admission_system.course", "pk": 7, "fields": {"college": 3, "name": "MBA", "description": "Comprehensive course in MBA"}}, {"model": "admission_system.course", "pk": 8, "fields": {"college": 3, "name": "BBA", "description": "Comprehensive course in BBA"}}, {"model": "admission_system.course", "pk": 9, "fields": {"college": 3, "name": "Digital Marketing", "description": "Comprehensive course in Digital Marketing"}}, {"model": "admission_system.course", "pk": 10, "fields": {"college": 4, "name": "Computer Applications (BCA)", "description": ""}}, {"model": "admission_system.course", "pk": 11, "fields": {"college": 4, "name": "Commerce (B.Com)", "description": ""}}, {"model": "admission_system.course", "pk": 12, "fields": {"college": 4, "name": "Business Administration (BBA)", "description": ""}}, {"model": "admission_system.course", "pk": 13, "fields": {"college": 5, "name": "MBA in Marketing Management", "description": "Advanced program focused on strategic marketing and consumer behavior."}}, {"model": "admission_system.course", "pk": 14, "fields": {"college": 5, "name": "MBA in Finance Management", "description": "Comprehensive study of corporate finance, investment, and risk management."}}, {"model": "admission_system.course", "pk": 15, "fields": {"college": 5, "name": "MBA in Human Resource Management", "description": "Focus on talent acquisition, organizational behavior, and strategic HR."}}, {"model": "admission_system.course", "pk": 16, "fields": {"college": 5, "name": "MBA in Logistics & Supply Chain Management", "description": "Specialized training for global operations and logistics."}}, {"model": "admission_system.course", "pk": 17, "fields": {"college": 5, "name": "MBA in Business Analytics", "description": "Data-driven decision making and advanced business intelligence."}}, {"model": "admission_system.course", "pk": 18, "fields": {"college": 6, "name": "BBA (Hons.)", "description": "Bachelor of Business Administration Honours programme focusing on modern management and leadership."}}, {"model": "admission_system.course", "pk": 19, "fields": {"college": 6, "name": "BCA (Hons.)", "description": "Bachelor of Computer Applications Honours with focus on software development and technology."}}, {"model": "admission_system.course", "pk": 20, "fields": {"college": 6, "name": "B.Sc. Artificial Intelligence (Hons.)", "description": "Specialized program in AI, Machine Learning, and Data Science."}}, {"model": "admission_system.course", "pk": 21, "fields": {"college": 6, "name": "B.Sc. Psychology (Hons.)", "description": "Deep dive into human behavior and mental processes with practical exposure."}}, {"model": "admission_system.course", "pk": 22, "fields": {"college": 6, "name": "B.Sc. Nutrition and Dietetics (Hons.)", "description": "Science of food and its impact on human health."}}, {"model": "admission_system.course", "pk": 23, "fields": {"college": 6, "name": "B.Com. with Finance (Hons.)", "description": "Advanced commerce curriculum with specialization in financial management."}}, {"model": "admission_system.course", "pk": 24, "fields": {"college": 6, "name": "B.Com. with Taxation (Hons.)", "description": "Comprehensive study of direct and indirect taxation systems."}}, {"model": "admission_system.course", "pk": 25, "fields": {"college": 6, "name": "B.Com. with Computer Application (Hons.)", "description": "Integration of commerce principles with computer technology."}}, {"model": "admission_system.course", "pk": 26, "fields": {"college": 6, "name": "B.A. English (Hons.)", "description": "In-depth study of literature and language proficiency."}}, {"model": "admission_system.course", "pk": 27, "fields": {"college": 6, "name": "B.A. Economics (Hons.)", "description": "Advanced economic theories and data analysis techniques."}}, {"model": "admission_system.course", "pk": 28, "fields": {"college": 6, "name": "M.Sc. Clinical Psychology", "description": "Advanced study in therapeutic techniques and clinical assessment."}}, {"model": "admission_system.course", "pk": 29, "fields": {"college": 6, "name": "M.Sc. Applied Psychology", "description": "Application of psychological principles in professional and social settings."}}, {"model": "admission_system.course", "pk": 30, "fields": {"college": 7, "name": "[Engineering] B.Tech Computer Science & Engineering", "description": "Focus on software engineering, algorithms, and advanced computing."}}, {"model": "admission_system.course", "pk": 31, "fields": {"college": 7, "name": "[Engineering] B.Tech AI & Machine Learning", "description": "Specialized track in Artificial Intelligence and ML architectures."}}, {"model": "admission_system.course", "pk": 32, "fields": {"college": 7, "name": "[Engineering] B.Tech Computer Science (Cyber Security)", "description": "Advanced training in network security and digital forensics."}}, {"model": "admission_system.course", "pk": 33, "fields": {"college": 7, "name": "[Engineering] B.Tech Civil Engineering", "description": "Core engineering discipline focusing on infrastructure and design."}}, {"model": "admission_system.course", "pk": 34, "fields": {"college": 7, "name": "[Engineering] B.Tech Mechanical Engineering", "description": "Core focus on thermal, manufacturing, and design engineering."}}, {"model": "admission_system.course", "pk": 35, "fields": {"college": 7, "name": "[Engineering] B.Tech Automobile Engineering", "description": "Specialized branch focusing on vehicle design and technology."}}, {"model": "admission_system.course", "pk": 36, "fields": {"college": 7, "name": "[Engineering] B.Tech Biomedical Engineering", "description": "Integration of engineering principles with healthcare sciences."}}, {"model": "admission_system.course", "pk": 37, "fields": {"college": 7, "name": "[Arts & Science] BBA", "description": "Bachelor of Business Administration for future corporate leaders."}}, {"model": "admission_system.course", "pk": 38, "fields": {"college": 7, "name": "[Arts & Science] BCA", "description": "Bachelor of Computer Applications for software and IT careers."}}, {"model": "admission_system.course", "pk": 39, "fields": {"college": 7, "name": "[Arts & Science] B.Com Finance & Taxation", "description": "Commerce degree with deep dive into accounting and tax law."}}, {"model": "admission_system.course", "pk": 40, "fields": {"college": 7, "name": "[Arts & Science] B.Com Computer Application", "description": "Fusion of commerce principles with IT skills."}}, {"model": "admission_system.course", "pk": 41, "fields": {"college": 7, "name": "[Arts & Science] B.Sc Computer Science", "description": "Pure computer science degree focusing on theoretical and practical computing."}}, {"model": "admission_system.course", "pk": 42, "fields": {"college": 7, "name": "[Arts & Science] B.A English", "description": "Degree in English literature and language proficiency."}}, {"model": "admission_system.course", "pk": 43, "fields": {"college": 7, "name": "[Arts & Science] M.Com Marketing & International Business", "description": "Postgraduate commerce degree for global business."}}, {"model": "admission_system.course", "pk": 44, "fields": {"college": 7, "name": "[Medical] Bachelor of Physiotherapy (BPT)", "description": "Allied health program focusing on physical rehabilitation."}}, {"model": "admission_system.course", "pk": 45, "fields": {"college": 7, "name": "[Medical] B.Sc Medical Laboratory Technology (B.Sc MLT)", "description": "Diagnostic medicine and laboratory sciences."}}, {"model": "admission_system.course", "pk": 46, "fields": {"college": 7, "name": "[Medical] B.Sc Optometry", "description": "Degree in eye care and vision sciences."}}, {"model": "admission_system.course", "pk": 47, "fields": {"college": 8, "name": "B.A. English Literature", "description": "Study of English language, literature, and critical analysis. Ideal for writers, educators, and communicators."}}, {"model": "admission_system.course", "pk": 48, "fields": {"college": 8, "name": "B.A. Economics", "description": "In-depth study of macro/microeconomics, statistics, and econometrics for policy and finance careers."}}, {"model": "admission_system.course", "pk": 49, "fields": {"college": 8, "name": "B.Com (Finance & Taxation)", "description": "Commerce degree with specialisation in financial management, accountancy, and Indian taxation systems."}}, {"model": "admission_system.course", "pk": 50, "fields": {"college": 8, "name": "B.Com (Computer Application)", "description": "Commerce principles integrated with core computer application skills for modern business environments."}}, {"model": "admission_system.course", "pk": 51, "fields": {"college": 8, "name": "B.Com (Travel & Tourism)", "description": "Commerce and hospitality curriculum tailored for the global travel and tourism industry."}}, {"model": "admission_system.course", "pk": 52, "fields": {"college": 8, "name": "Bachelor of Tourism & Travel Management (BTTM)", "description": "Comprehensive degree in tourism operations, hospitality management, and travel marketing."}}, {"model": "admission_system.course", "pk": 53, "fields": {"college": 8, "name": "B.Sc. Computer Science", "description": "Foundation in programming, data structures, algorithms, and software engineering practices."}}, {"model": "admission_system.course", "pk": 54, "fields": {"college": 8, "name": "B.Sc. Mathematics", "description": "Pure and applied mathematics including calculus, algebra, statistics, and numerical methods."}}, {"model": "admission_system.course", "pk": 55, "fields": {"college": 8, "name": "B.Sc. Physics", "description": "Core physics curriculum covering mechanics, optics, quantum theory, and lab practice."}}, {"model": "admission_system.course", "pk": 56, "fields": {"college": 8, "name": "B.Sc. Chemistry", "description": "Study of organic, inorganic, and physical chemistry with advanced laboratory work."}}, {"model": "admission_system.course", "pk": 57, "fields": {"college": 8, "name": "B.Sc. Botany", "description": "Plant biology, ecology, and biotechnology for careers in agriculture and life sciences."}}, {"model": "admission_system.course", "pk": 58, "fields": {"college": 8, "name": "B.Sc. Zoology", "description": "Animal biology, ecology, and physiology with field and laboratory-based research."}}, {"model": "admission_system.course", "pk": 59, "fields": {"college": 8, "name": "B.Sc. Statistics", "description": "Probability theory, statistical inference, data analysis, and actuarial applications."}}, {"model": "admission_system.course", "pk": 60, "fields": {"college": 8, "name": "Bachelor of Computer Applications (BCA)", "description": "Practical-oriented degree in software development, web technologies, and database management."}}, {"model": "admission_system.course", "pk": 61, "fields": {"college": 8, "name": "M.Sc. Computer Science", "description": "Advanced computing, AI, machine learning, and research-oriented curriculum for tech innovators."}}, {"model": "admission_system.course", "pk": 62, "fields": {"college": 8, "name": "M.Sc. Mathematics", "description": "Advanced mathematical theories, research methods, and applications in science and engineering."}}, {"model": "admission_system.course", "pk": 63, "fields": {"college": 8, "name": "M.Com (Finance)", "description": "Postgraduate commerce with advanced study in corporate finance, investment banking, and taxation."}}, {"model": "admission_system.course", "pk": 64, "fields": {"college": 8, "name": "Master of Computer Applications (MCA)", "description": "Two-year PG programme in software engineering, cloud computing, and enterprise application development."}}, {"model": "admission_system.course", "pk": 65, "fields": {"college": 8, "name": "Master of Tourism Management (MTM)", "description": "Advanced study in tourism policy, destination management, and sustainable tourism practices."}}, {"model": "admission_system.course", "pk": 66, "fields": {"college": 8, "name": "M.A. English", "description": "Literary theory, linguistics, creative writing, and advanced language studies at postgraduate level."}}, {"model": "admission_system.course", "pk": 67, "fields": {"college": 9, "name": "[B.Tech] Computer Science & Engineering", "description": "Core computing, algorithms, data structures, and software engineering for the modern tech industry."}}, {"model": "admission_system.course", "pk": 68, "fields": {"college": 9, "name": "[B.Tech] CSE – Artificial Intelligence & Machine Learning", "description": "Advanced AI and ML specialisation covering deep learning, neural networks, and intelligent systems."}}, {"model": "admission_system.course", "pk": 69, "fields": {"college": 9, "name": "[B.Tech] CSE – Artificial Intelligence & Data Science", "description": "Data-driven engineering programme combining AI, big data analytics, and statistical modelling."}}, {"model": "admission_system.course", "pk": 70, "fields": {"college": 9, "name": "[B.Tech] CSE – Internet of Things", "description": "Embedded systems, IoT architecture, sensor networks, and cloud integration for connected devices."}}, {"model": "admission_system.course", "pk": 71, "fields": {"college": 9, "name": "[B.Tech] CSE – Cyber Security", "description": "Specialised programme in ethical hacking, network security, cryptography, and digital forensics."}}, {"model": "admission_system.course", "pk": 72, "fields": {"college": 9, "name": "[B.Tech] Electronics & Communication Engineering", "description": "Signal processing, VLSI design, communications systems, and embedded electronics engineering."}}, {"model": "admission_system.course", "pk": 73, "fields": {"college": 9, "name": "[B.Tech] Electrical & Electronics Engineering", "description": "Power systems, control engineering, renewable energy, and industrial automation."}}, {"model": "admission_system.course", "pk": 74, "fields": {"college": 9, "name": "[B.Tech] Mechanical Engineering", "description": "Thermodynamics, manufacturing processes, design engineering, and CAD/CAM technologies."}}, {"model": "admission_system.course", "pk": 75, "fields": {"college": 9, "name": "[B.Tech] Civil Engineering", "description": "Structural engineering, construction management, environmental engineering, and surveying."}}, {"model": "admission_system.course", "pk": 76, "fields": {"college": 9, "name": "[Diploma] Mechanical Engineering", "description": "Polytechnic diploma in mechanical systems, workshop practice, and industrial design."}}, {"model": "admission_system.course", "pk": 77, "fields": {"college": 9, "name": "[Diploma] Civil Engineering", "description": "Diploma in construction technology, AutoCAD, and building materials."}}, {"model": "admission_system.course", "pk": 78, "fields": {"college": 9, "name": "[Diploma] Electrical & Electronics Engineering", "description": "Polytechnic programme in electrical circuits, wiring, and industrial electronics."}}, {"model": "admission_system.course", "pk": 79, "fields": {"college": 9, "name": "[Diploma] Automobile Engineering", "description": "Vehicle technology, engine mechanics, auto electronics, and service management."}}, {"model": "admission_system.course", "pk": 80, "fields": {"college": 9, "name": "[Diploma] Computer Engineering", "description": "Practical computing, hardware maintenance, networking, and software applications."}}, {"model": "admission_system.course", "pk": 81, "fields": {"college": 9, "name": "[Diploma] Cyber Forensics & Information Security", "description": "Digital investigation, cybercrime analysis, and information security fundamentals."}}, {"model": "admission_system.course", "pk": 82, "fields": {"college": 9, "name": "[MBA] Master of Business Administration", "description": "Two-year postgraduate management programme with specialisations in Finance, Marketing, and HR."}}, {"model": "admission_system.course", "pk": 83, "fields": {"college": 9, "name": "[MCA] Master of Computer Applications", "description": "Advanced computing and full-stack software development for postgraduate tech professionals."}}, {"model": "admission_system.course", "pk": 84, "fields": {"college": 9, "name": "[BCA] Bachelor of Computer Applications", "description": "Three-year UG programme in software development, databases, and web technologies."}}, {"model": "admission_system.course", "pk": 85, "fields": {"college": 9, "name": "[BBA] Bachelor of Business Administration", "description": "Foundation degree in business management, entrepreneurship, and corporate operations."}}, {"model": "admission_system.course", "pk": 86, "fields": {"college": 10, "name": "B.Com (Computer Applications)", "description": "Commerce integrated with practical IT skills — database, accounting software, and e-commerce."}}, {"model": "admission_system.course", "pk": 87, "fields": {"college": 10, "name": "B.Com (Finance & Taxation)", "description": "In-depth study of financial management, GST, income tax, and corporate financial reporting."}}, {"model": "admission_system.course", "pk": 88, "fields": {"college": 10, "name": "B.Com (Marketing)", "description": "Commerce programme with focus on market research, brand management, and consumer behaviour."}}, {"model": "admission_system.course", "pk": 89, "fields": {"college": 10, "name": "B.Com (Co-operation)", "description": "Study of cooperative movement, cooperatives law, and community-centred business models."}}, {"model": "admission_system.course", "pk": 90, "fields": {"college": 10, "name": "B.Com (Logistics Management)", "description": "Specialised commerce track in supply chain management, warehousing, and logistics operations."}}, {"model": "admission_system.course", "pk": 91, "fields": {"college": 10, "name": "BBA (Bachelor of Business Administration)", "description": "Foundation degree in corporate management, entrepreneurship, and strategic business planning."}}, {"model": "admission_system.course", "pk": 92, "fields": {"college": 10, "name": "BBM (Bachelor of Business Management)", "description": "Applied management programme focusing on organisational behaviour and business operations."}}, {"model": "admission_system.course", "pk": 93, "fields": {"college": 10, "name": "BCA (Bachelor of Computer Applications)", "description": "Three-year programme in software development, databases, networking, and web technologies."}}, {"model": "admission_system.course", "pk": 94, "fields": {"college": 10, "name": "B.Sc. Psychology", "description": "Scientific study of human behaviour, cognitive processes, and mental health fundamentals."}}, {"model": "admission_system.course", "pk": 95, "fields": {"college": 10, "name": "B.A. English", "description": "Study of English language, literature, and communication for journalism, education, and media."}}, {"model": "admission_system.course", "pk": 96, "fields": {"college": 10, "name": "M.Com (E-Commerce)", "description": "Advanced commerce degree specialising in digital business, online marketing, and e-payment systems."}}, {"model": "admission_system.course", "pk": 97, "fields": {"college": 10, "name": "M.Com (Finance & Taxation)", "description": "PG programme in advanced financial instruments, corporate taxation, and investment analysis."}}, {"model": "admission_system.course", "pk": 98, "fields": {"college": 10, "name": "M.Sc. Psychology", "description": "Postgraduate study in clinical, counselling, and organisational psychology with research methodology."}}, {"model": "admission_system.addoncourse", "pk": 1, "fields": {"course": 60, "name": "Artificial Intelligence & Machine Learning"}}, {"model": "admission_system.addoncourse", "pk": 2, "fields": {"course": 60, "name": "Cyber Security & Ethical Hacking"}}, {"model": "admission_system.addoncourse", "pk": 3, "fields": {"course": 37, "name": "LOGISTICS & SUPPLY CHAIN MANAGEMENT & AIR CARGO MANAGEMENT"}}, {"model": "admission_system.addoncourse", "pk": 4, "fields": {"course": 37, "name": "HOSPITAL ADMINISTRATION"}}, {"model": "admission_system.addoncourse", "pk": 5, "fields": {"course": 37, "name": "ENTREPRENEURSHIP & START UP"}}, {"model": "admission_system.addoncourse", "pk": 6, "fields": {"course": 37, "name": "AVIATION & AIRPORT MANAGEMENT"}}, {"model": "admission_system.addoncourse", "pk": 7, "fields": {"course": 37, "name": "RETAIL MANAGEMENT"}}, {"model": "admission_system.addoncourse", "pk": 8, "fields": {"course": 38, "name": "ARTIFICIAL INTELLIGENCE & MACHINE LEARNING"}}, {"model": "admission_system.addoncourse", "pk": 9, "fields": {"course": 38, "name": "CLOUD COMPUTING & Devops"}}, {"model": "admission_system.addoncourse", "pk": 10, "fields": {"course": 38, "name": "ETHICAL HACKING & CYBER SECURITY"}}, {"model": "admission_system.addoncourse", "pk": 11, "fields": {"course": 37, "name": "ENTREPRENEURSHIP & STATUP"}}, {"model": "admission_system.addoncourse", "pk": 12, "fields": {"course": 38, "name": "ARTIFICIAL INTELLIGENCE & DATA SCIENCE"}}, {"model": "admission_system.addoncourse", "pk": 13, "fields": {"course": 47, "name": "Aviation & Airport Management"}}, {"model": "admission_system.addoncourse", "pk": 14, "fields": {"course": 50, "name": "ACCA"}}, {"model": "admission_system.addoncourse", "pk": 15, "fields": {"course": 42, "name": "AVIATION & AIRPORT MANAGEMENT"}}, {"model": "admission_system.addoncourse", "pk": 16, "fields": {"course": 49, "name": "Aviation & Airport Management"}}, {"model": "admission_system.addoncourse", "pk": 17, "fields": {"course": 49, "name": "Logistics & Supply Chain Management"}}, {"model": "admission_system.addoncourse", "pk": 18, "fields": {"course": 49, "name": "ACCA"}}, {"model": "admission_system.addoncourse", "pk": 19, "fields": {"course": 49, "name": "Hospital Administration"}}, {"model": "admission_system.addoncourse", "pk": 20, "fields": {"course": 39, "name": "LOGISTICS & SUPPLY CHAIN MANAGEMENT & AIR CARGO MANAGEMENT"}}, {"model": "admission_system.addoncourse", "pk": 21, "fields": {"course": 39, "name": "HOSPITAL ADMINISTRATION"}}, {"model": "admission_system.addoncourse", "pk": 22, "fields": {"course": 39, "name": "ENTREPRENEURSHIP & START UP"}}, {"model": "admission_system.addoncourse", "pk": 23, "fields": {"course": 39, "name": "DATA ANALYTICS & ARTIFICIAL INTELLIGENCE"}}, {"model": "admission_system.addoncourse", "pk": 24, "fields": {"course": 39, "name": "AVIATION & AIRPORT MANAGEMENT"}}, {"model": "admission_system.addoncourse", "pk": 25, "fields": {"course": 39, "name": "RETAIL MANAGEMENT"}}, {"model": "admission_system.creprofile", "pk": 1, "fields": {"user": 3, "cre_id": "60f9aead-9ed8-44c7-8617-1bcdadb7340e", "phone": "", "is_approved": true, "allocated_colleges": [4]}}, {"model": "admission_system.creprofile", "pk": 2, "fields": {"user": 1, "cre_id": "5ffe8777-10f0-4b46-827e-0ff8a2167503", "phone": "", "is_approved": true, "allocated_colleges": [4]}}, {"model": "admission_system.creprofile", "pk": 3, "fields": {"user": 4, "cre_id": "6f4ee6a9-6019-41c6-ae3c-ba70ed0b912c", "phone": "7684563209", "is_approved": true, "allocated_colleges": []}}, {"model": "admission_system.creprofile", "pk": 4, "fields": {"user": 5, "cre_id": "095e2442-c6c9-4867-a421-9e72bc95d03b", "phone": "7736043497", "is_approved": true, "allocated_colleges": [1]}}, {"model": "admission_system.creprofile", "pk": 5, "fields": {"user": 6, "cre_id": "c86b8dd8-f63d-4205-92d6-ce7a22ba9893", "phone": "7736043497", "is_approved": true, "allocated_colleges": []}}, {"model": "admission_system.creprofile", "pk": 6, "fields": {"user": 7, "cre_id": "6e75b66a-5707-4653-ab36-404221661e62", "phone": "", "is_approved": true, "allocated_colleges": []}}, {"model": "admission_system.creprofile", "pk": 7, "fields": {"user": 8, "cre_id": "e5c5cf94-2f6f-4650-9f52-eb6a3b0f0a14", "phone": "7736043497", "is_approved": true, "allocated_colleges": []}}, {"model": "admission_system.creprofile", "pk": 8, "fields": {"user": 9, "cre_id": "2f9ede46-398c-4385-9eb0-19f275d82e33", "phone": "", "is_approved": true, "allocated_colleges": []}}, {"model": "admission_system.creprofile", "pk": 9, "fields": {"user": 10, "cre_id": "018e5ba6-5219-479b-8f33-af76b3105743", "phone": "89729742974", "is_approved": true, "allocated_colleges": [3, 4]}}, {"model": "admission_system.creprofile", "pk": 10, "fields": {"user": 11, "cre_id": "2109c13b-a5af-4a63-9ae2-e7b7676d5749", "phone": "768484624828", "is_approved": true, "allocated_colleges": []}}, {"model": "admission_system.financeprofile", "pk": 1, "fields": {"user": 10, "phone": "7736043497"}}, {"model": "admission_system.financeprofile", "pk": 2, "fields": {"user": 11, "phone": ""}}, {"model": "admission_system.student", "pk": 1, "fields": {"name": "Hasmukh", "email": "hasmuk@gmail.com", "phone": "7736043497", "dob": null, "gender": null, "aadhar_number": null, "blood_group": null, "category": null, "permanent_address": null, "correspondence_address": null, "state": null, "city": null, "father_name": null, "father_mobile": null, "father_occupation": null, "mother_name": null, "mother_mobile": null, "mother_occupation": null, "guardian_name": null, "guardian_mobile": null, "preferred_contact": "Student"}}, {"model": "admission_system.student", "pk": 2, "fields": {"name": "Hasmukh K", "email": "hasmukk@gmail.com", "phone": "7736043453", "dob": null, "gender": null, "aadhar_number": null, "blood_group": null, "category": null, "permanent_address": null, "correspondence_address": null, "state": null, "city": null, "father_name": null, "father_mobile": null, "father_occupation": null, "mother_name": null, "mother_mobile": null, "mother_occupation": null, "guardian_name": null, "guardian_mobile": null, "preferred_contact": "Student"}}, {"model": "admission_system.student", "pk": 3, "fields": {"name": "Karthick", "email": "karthi@gmail.com", "phone": "89534385901", "dob": null, "gender": null, "aadhar_number": null, "blood_group": null, "category": null, "permanent_address": null, "correspondence_address": null, "state": null, "city": null, "father_name": null, "father_mobile": null, "father_occupation": null, "mother_name": null, "mother_mobile": null, "mother_occupation": null, "guardian_name": null, "guardian_mobile": null, "preferred_contact": "Student"}}, {"model": "admission_system.student", "pk": 4, "fields": {"name": "shafeeq", "email": "smohammedshafeeqhameed@gmail.com", "phone": "7736043497", "dob": "1999-02-19", "gender": "M", "aadhar_number": "496596836865", "blood_group": "O+", "category": "Good", "permanent_address": "test", "correspondence_address": "test", "state": "Kerala", "city": "india", "father_name": "test", "father_mobile": "test", "father_occupation": "tes", "mother_name": "tes", "mother_mobile": "test", "mother_occupation": "tes", "guardian_name": "test", "guardian_mobile": "test", "preferred_contact": "Student"}}, {"model": "admission_system.student", "pk": 5, "fields": {"name": "shafeeq", "email": "shafeeq.project.training@gmail.com", "phone": "7736043497", "dob": null, "gender": null, "aadhar_number": null, "blood_group": null, "category": null, "permanent_address": "", "correspondence_address": "", "state": null, "city": null, "father_name": null, "father_mobile": null, "father_occupation": null, "mother_name": null, "mother_mobile": null, "mother_occupation": null, "guardian_name": null, "guardian_mobile": null, "preferred_contact": "Student"}}, {"model": "admission_system.student", "pk": 6, "fields": {"name": "yfu", "email": "shafeeq.h@qburst.com", "phone": "868686868686", "dob": "2026-03-13", "gender": "M", "aadhar_number": "66r765r75757", "blood_group": "B+", "category": "Good", "permanent_address": "test", "correspondence_address": "test", "state": "Kerala", "city": "india", "father_name": "test", "father_mobile": null, "father_occupation": null, "mother_name": "tes", "mother_mobile": null, "mother_occupation": null, "guardian_name": "test", "guardian_mobile": "test", "preferred_contact": "Student"}}, {"model": "admission_system.student", "pk": 7, "fields": {"name": "Aruns", "email": "dewakidhaneesh1@gmail.com", "phone": "6546567575", "dob": "2022-01-01", "gender": "M", "aadhar_number": "793676379666", "blood_group": "AB+", "category": "Good", "permanent_address": "hdhc", "correspondence_address": "jgjg", "state": "TEST", "city": "TEST", "father_name": "test", "father_mobile": "9979797978", "father_occupation": "tes", "mother_name": "tes", "mother_mobile": "8678656868", "mother_occupation": "tes", "guardian_name": "test", "guardian_mobile": "7676779879", "preferred_contact": "Student"}}, {"model": "admission_system.student", "pk": 8, "fields": {"name": "local", "email": "ShafeeqHameed@gamil.com", "phone": "8484684684", "dob": "2026-04-03", "gender": "M", "aadhar_number": "297392723973", "blood_group": "O+", "category": "Good", "permanent_address": "jabja", "correspondence_address": "kadkb", "state": "TEST", "city": "TEST", "father_name": "test", "father_mobile": "9979797978", "father_occupation": "tes", "mother_name": "tes", "mother_mobile": "8678656868", "mother_occupation": "tes", "guardian_name": "test", "guardian_mobile": "7676779879", "preferred_contact": "Student"}}, {"model": "admission_system.applicationsource", "pk": 1, "fields": {"name": "Social media"}}, {"model": "admission_system.applicationsource", "pk": 2, "fields": {"name": "Newspaper advertisement"}}, {"model": "admission_system.applicationsource", "pk": 3, "fields": {"name": "Digital marketing"}}, {"model": "admission_system.applicationsource", "pk": 4, "fields": {"name": "Agents"}}, {"model": "admission_system.applicationsource", "pk": 5, "fields": {"name": "Others"}}, {"model": "admission_system.application", "pk": 1, "fields": {"student": 1, "college": 1, "course": 2, "addon_course": null, "source": null, "referred_by": 1, "applied_at": "2026-03-09T14:44:39.728Z", "doc_10th": "", "doc_11th": "", "doc_12th": "", "doc_aadhar": "", "payment_status": "Pending", "transaction_id": null, "payment_screenshot": "", "amount_paid": "0.00"}}, {"model": "admission_system.application", "pk": 2, "fields": {"student": 2, "college": 1, "course": 2, "addon_course": null, "source": null, "referred_by": 1, "applied_at": "2026-03-09T14:51:13.671Z", "doc_10th": "", "doc_11th": "", "doc_12th": "", "doc_aadhar": "", "payment_status": "Pending", "transaction_id": null, "payment_screenshot": "", "amount_paid": "0.00"}}, {"model": "admission_system.application", "pk": 3, "fields": {"student": 3, "college": 1, "course": 1, "addon_course": null, "source": null, "referred_by": 4, "applied_at": "2026-03-10T18:57:30.122Z", "doc_10th": "", "doc_11th": "", "doc_12th": "", "doc_aadhar": "", "payment_status": "Pending", "transaction_id": null, "payment_screenshot": "", "amount_paid": "0.00"}}, {"model": "admission_system.application", "pk": 4, "fields": {"student": 4, "college": 1, "course": 1, "addon_course": null, "source": null, "referred_by": 5, "applied_at": "2026-03-15T10:58:22.108Z", "doc_10th": "", "doc_11th": "", "doc_12th": "", "doc_aadhar": "", "payment_status": "Pending", "transaction_id": null, "payment_screenshot": "", "amount_paid": "0.00"}}, {"model": "admission_system.application", "pk": 5, "fields": {"student": 4, "college": 1, "course": 2, "addon_course": null, "source": null, "referred_by": 4, "applied_at": "2026-03-15T11:00:04.475Z", "doc_10th": "", "doc_11th": "", "doc_12th": "", "doc_aadhar": "", "payment_status": "Pending", "transaction_id": null, "payment_screenshot": "", "amount_paid": "0.00"}}, {"model": "admission_system.application", "pk": 8, "fields": {"student": 1, "college": 1, "course": 3, "addon_course": null, "source": null, "referred_by": 2, "applied_at": "2026-03-15T11:42:09.205Z", "doc_10th": "", "doc_11th": "", "doc_12th": "", "doc_aadhar": "", "payment_status": "Pending", "transaction_id": null, "payment_screenshot": "", "amount_paid": "0.00"}}, {"model": "admission_system.application", "pk": 9, "fields": {"student": 4, "college": 4, "course": 10, "addon_course": "", "source": null, "referred_by": 8, "applied_at": "2026-03-19T20:34:30.654Z", "doc_10th": "documents/10th/Mariyath_Resume_June_2023_1.pdf", "doc_11th": "documents/11th/IMG_9384.JPG", "doc_12th": "documents/12th/1.jpg", "doc_aadhar": "documents/aadhar/3.jpg", "payment_status": "Pending", "transaction_id": null, "payment_screenshot": "", "amount_paid": "0.00"}}, {"model": "admission_system.application", "pk": 10, "fields": {"student": 5, "college": 4, "course": 11, "addon_course": "", "source": null, "referred_by": 8, "applied_at": "2026-03-19T20:38:21.936Z", "doc_10th": "documents/10th/LEVEL_1__STUDENT_4vITvFC.png", "doc_11th": "documents/11th/LEVEL_1__HOD_T8Z9stD.png", "doc_12th": "documents/12th/LEVEL_1__STUDENT_Oyn8dDG.png", "doc_aadhar": "documents/aadhar/LEVEL_1__HOD.png", "payment_status": "Rejected", "transaction_id": "983783973933", "payment_screenshot": "payments/screenshots/LEVEL_1__PLACEMENT_OFFICER_NdoDhx7.png", "amount_paid": "0.00"}}, {"model": "admission_system.application", "pk": 11, "fields": {"student": 6, "college": 5, "course": 14, "addon_course": "ut", "source": null, "referred_by": 8, "applied_at": "2026-03-24T10:52:00.907Z", "doc_10th": "documents/10th/LEVEL_1__SUPER_ADMIN_DFD.png", "doc_11th": "documents/11th/LEVEL_1__ADMIN_DFD.png", "doc_12th": "documents/12th/LEVEL_1__FACULTY.png", "doc_aadhar": "documents/aadhar/LEVEL_1__STUDENT.png", "payment_status": "Pending", "transaction_id": null, "payment_screenshot": "", "amount_paid": "0.00"}}, {"model": "admission_system.application", "pk": 12, "fields": {"student": 7, "college": 4, "course": 11, "addon_course": "", "source": null, "referred_by": 8, "applied_at": "2026-04-01T18:59:45.517Z", "doc_10th": "documents/10th/LEVEL_1__STUDENT.png", "doc_11th": "documents/11th/LEVEL_1__PLACEMENT_OFFICER.png", "doc_12th": "documents/12th/LEVEL_1__HOD.png", "doc_aadhar": "documents/aadhar/LEVEL_1__PLACEMENT_OFFICER.png", "payment_status": "Success", "transaction_id": "86866687979668", "payment_screenshot": "payments/screenshots/LEVEL_1__HOD.png", "amount_paid": "1500.00"}}, {"model": "admission_system.application", "pk": 13, "fields": {"student": 1, "college": 1, "course": 1, "addon_course": null, "source": null, "referred_by": 1, "applied_at": "2026-04-01T19:03:40.057Z", "doc_10th": "", "doc_11th": "", "doc_12th": "", "doc_aadhar": "", "payment_status": "Success", "transaction_id": null, "payment_screenshot": "", "amount_paid": "0.00"}}, {"model": "admission_system.application", "pk": 14, "fields": {"student": 8, "college": 4, "course": 11, "addon_course": "", "source": null, "referred_by": 8, "applied_at": "2026-04-01T19:41:30.542Z", "doc_10th": "documents/10th/LEVEL_1__STUDENT.png", "doc_11th": "documents/11th/LEVEL_1__HOD.png", "doc_12th": "documents/12th/LEVEL_1__STUDENT.png", "doc_aadhar": "documents/aadhar/LEVEL_1__LIBRARIAN.png", "payment_status": "Success", "transaction_id": "868666874", "payment_screenshot": "payments/screenshots/LEVEL_1__LIBRARIAN_C1blVaz.png", "amount_paid": "1500.00"}}, {"model": "admission_system.application", "pk": 15, "fields": {"student": 5, "college": 7, "course": 37, "addon_course": "ENTREPRENEURSHIP & START UP", "source": null, "referred_by": 8, "applied_at": "2026-04-09T08:37:53.207Z", "doc_10th": "documents/10th/LEVEL_1__SUPER_ADMIN_DFD.png", "doc_11th": "documents/11th/LEVEL_1__STUDENT.png", "doc_12th": "documents/12th/LEVEL_1__HOD.png", "doc_aadhar": "documents/aadhar/LEVEL_1__FACULTY.png", "payment_status": "Pending", "transaction_id": null, "payment_screenshot": "", "amount_paid": "0.00"}}]